{"loss": 0.05867599695920944, "_timestamp": 1685629187.9843948, "_runtime": 2.8223628997802734, "_step": 0, "_wandb": {"runtime": 6}}