{"loss": 0.14392299950122833, "_timestamp": 1685630296.326704, "Images": {"_type": "images/separated", "width": 1000, "height": 100, "format": "png", "count": 2, "filenames": ["media/images/Images_480_39adcd22f49b7f26f4d4.png", "media/images/Images_480_eb6e95c93d287c4d6b3c.png"]}, "_runtime": 413.6291661262512, "_step": 480}