{"loss": 0.06313521414995193, "_timestamp": 1685628779.6731992, "Images": {"_type": "images/separated", "width": 1000, "height": 100, "format": "png", "count": 2, "filenames": ["media/images/Images_60_39adcd22f49b7f26f4d4.png", "media/images/Images_60_709b0d036943636ead5f.png"]}, "_runtime": 19.424073219299316, "_step": 70, "_wandb": {"runtime": 416}}