{"loss": 0.01928822137415409, "_timestamp": 1685629302.5385413, "Images": {"_type": "images/separated", "width": 1000, "height": 100, "format": "png", "count": 2, "filenames": ["media/images/Images_270_39adcd22f49b7f26f4d4.png", "media/images/Images_270_012fe31c99b7d54631ab.png"]}, "_runtime": 84.43148732185364, "_step": 270}