{"loss": 2.1918325424194336, "_timestamp": 1685631761.491434, "_runtime": 2.7501230239868164, "_step": 0, "_wandb": {"runtime": 2}}