{"loss": 0.14322853088378906, "_timestamp": 1685627413.2676396, "Images": {"_type": "images/separated", "width": 1000, "height": 100, "format": "png", "count": 2, "filenames": ["media/images/Images_950_39adcd22f49b7f26f4d4.png", "media/images/Images_950_bb7b5e9686dca604c328.png"]}, "_runtime": 783.3575615882874, "_step": 950, "_wandb": {"runtime": 785}}