{"l1_loss": 0.2694421112537384, "_timestamp": 1685634416.3481922, "Reg": 39.129634857177734, "Total loss": 4.182405948638916, "Images": {"_type": "images/separated", "width": 1000, "height": 100, "format": "png", "count": 2, "filenames": ["media/images/Images_30_39adcd22f49b7f26f4d4.png", "media/images/Images_30_c8018cc78ea9c3909837.png"]}, "Histograms": {"_type": "image-file", "sha256": "2546aa70398af812fc7a5d6b3cae3f412ec5b142cdd9c7b312185bfe5488c765", "size": 22991, "path": "media/images/Histograms_30_2546aa70398af812fc7a.png", "format": "png", "width": 1000, "height": 500}, "_runtime": 54.771512269973755, "_step": 30, "_wandb": {"runtime": 145}}