{"loss": 88.36325073242188, "_timestamp": 1685632526.6186204, "_runtime": 2.332900285720825, "_step": 0, "_wandb": {"runtime": 1}}