{"l1_loss": 0.2621780037879944, "_timestamp": 1685634664.770864, "Reg": 22.67456817626953, "Total loss": 0.26240473985671997, "Images": {"_type": "images/separated", "width": 1000, "height": 100, "format": "png", "count": 2, "filenames": ["media/images/Images_0_39adcd22f49b7f26f4d4.png", "media/images/Images_0_a1a62ab80ddf965ae5f3.png"]}, "Histograms": {"_type": "image-file", "sha256": "7aba77ce762ad3b849dab6406e860b1a5cad19823727cc7d8465fcb508fa7c77", "size": 25282, "path": "media/images/Histograms_0_7aba77ce762ad3b849da.png", "format": "png", "width": 1000, "height": 500}, "_runtime": 8.776669979095459, "_step": 0, "_wandb": {"runtime": 17}}