{"l1_loss": 0.2681120038032532, "_timestamp": 1685634307.788712, "Reg": 4607.04931640625, "Total loss": 460.9730224609375, "Images": {"_type": "images/separated", "width": 1000, "height": 100, "format": "png", "count": 2, "filenames": ["media/images/Images_0_f2803446b5cc10a989f9.png", "media/images/Images_0_f2803446b5cc10a989f9.png"]}, "Histograms": {"_type": "image-file", "sha256": "4dbae8520a680f50879581c461166cec5b2b3de8f37f1702eb4adab7ed67ae57", "size": 24540, "path": "media/images/Histograms_0_4dbae8520a680f508795.png", "format": "png", "width": 1000, "height": 500}, "_runtime": 10.150180101394653, "_step": 0, "_wandb": {"runtime": 13}}