{"l1_loss": 0.25451064109802246, "_timestamp": 1685634567.6872954, "Reg": 36.58599853515625, "Total loss": 3.9131104946136475, "Images": {"_type": "images/separated", "width": 1000, "height": 100, "format": "png", "count": 2, "filenames": ["media/images/Images_30_39adcd22f49b7f26f4d4.png", "media/images/Images_30_9e0d5db1c0c7174915df.png"]}, "Histograms": {"_type": "image-file", "sha256": "5efc02d32d020a7d04e03da641257d213ce3eb4afd1c2cceb2705453328a5049", "size": 25445, "path": "media/images/Histograms_30_5efc02d32d020a7d04e0.png", "format": "png", "width": 1000, "height": 500}, "_runtime": 54.583847522735596, "_step": 30, "_wandb": {"runtime": 57}}