{"loss": 0.5603283643722534, "_timestamp": 1685632699.3250813, "Images": {"_type": "images/separated", "width": 1000, "height": 100, "format": "png", "count": 2, "filenames": ["media/images/Images_2800_ad02d525d3f7e0c70962.png", "media/images/Images_2800_5309c7bdf5003acfcecd.png"]}, "_runtime": 144.96696138381958, "_step": 2800}