{"loss": 0.293170690536499, "_timestamp": 1685626549.7069066, "_runtime": 4.150326490402222, "_step": 0, "_wandb": {"runtime": 3}}