{"l1_loss": 0.145976722240448, "_timestamp": 1685634889.3478432, "Reg": 1925.2572021484375, "Total loss": 0.16522929072380066, "Images": {"_type": "images/separated", "width": 1000, "height": 100, "format": "png", "count": 2, "filenames": ["media/images/Images_130_39adcd22f49b7f26f4d4.png", "media/images/Images_130_886f2feca2ecdb83aadd.png"]}, "Histograms": {"_type": "image-file", "sha256": "4a04382e30e9317f8f91f25e0d9dac12193dd6625961d0fe87d482c96ac193c0", "size": 25815, "path": "media/images/Histograms_130_4a04382e30e9317f8f91.png", "format": "png", "width": 1000, "height": 500}, "_runtime": 208.37601828575134, "_step": 130}